,x,y,x1,y1,Relative Scale,x_transformed,y_transformed,increment list
0,600,400,600,400,0.49741392049652733,3.4776119402985075,2.98019801980198,0.0016666666666666668
1,600,400,600,400,0.49741392049652733,7.976744186046512,2.9704433497536944,0.0016666666666666668
2,600,400,600,400,0.49741392049652733,8.375,2.9607843137254903,0.0012333333333333335
3,600,400,600,400,0.49741392049652733,8.375,2.8867924528301887,0.0012333333333333335
4,600,400,600,400,0.9068825910931173,1.631578947368421,2.5384615384615383,0.0021
5,600,400,600,400,1.6227236450700138,0.6759776536312849,2.2987012987012987,0.0038
6,600,400,600,400,0.337624678149139,1.7522935779816513,2.0899182561307903,0.0038
7,600,400,600,400,0.8356481481481484,3.6875,2.8518518518518516,0.002033333333333333
8,600,400,600,400,1.3987493987493989,0.948051948051948,2.346801346801347,0.002033333333333333
9,600,400,600,401,1.1755435575660296,0.948051948051948,2.1235955056179776,0.0011
10,600,400,600,401,2.0127323656735423,0.948051948051948,2.9607843137254903,0.0039
11,600,400,600,401,0.5771276595744679,2.125,2.702127659574468,0.0039
12,600,400,600,401,1.6003653802237956,0.7241379310344828,2.3245033112582782,0.007366666666666666
13,600,400,600,402,1.4717668488160291,0.639344262295082,2.111111111111111,0.007366666666666666
14,600,400,600,402,2.2385900100053875,0.639344262295082,2.8779342723004695,0.0074
15,600,400,600,403,0.9937274789803816,1.3622047244094488,2.3559322033898304,0.0074
16,600,400,600,404,0.7709397515112311,1.3622047244094488,2.13314447592068,0.008133333333333333
17,600,400,600,405,2.8669623059866964,5.818181818181818,2.951219512195122,0.009133333333333332
18,600,401,600,406,0.8699018496070072,1.8037383177570094,2.6736401673640167,0.009133333333333332
19,600,401,600,407,0.8878347037739824,1.4193548387096775,2.30718954248366,0.008366666666666666
20,600,401,600,408,1.2090108401084012,0.875,2.084010840108401,0.008366666666666666
21,600,401,600,409,1.9027777777777777,0.875,2.7777777777777777,0.009899999999999999
22,600,401,600,410,1.3764513632063302,0.948051948051948,2.3245033112582782,0.011633333333333332
23,600,402,600,411,1.1359588920564532,0.948051948051948,2.084010840108401,0.011633333333333332
24,600,402,600,412,1.9298823242485215,0.948051948051948,2.8779342723004695,0.0133
25,600,402,600,414,1.0077519379844964,1.3255813953488371,2.3333333333333335,0.0133
26,600,403,600,415,0.41731898238747545,1.6785714285714286,2.095890410958904,0.013833333333333333
27,600,403,600,417,0.5728500355366029,3.4776119402985075,2.9047619047619047,0.014
28,600,403,600,418,0.7152223994329259,1.631578947368421,2.346801346801347,0.014
29,600,404,600,420,1.3372224923027063,0.7647058823529411,2.1019283746556474,0.013033333333333334
30,600,404,600,422,2.0210084033613445,0.7647058823529411,2.7857142857142856,0.013033333333333334
31,600,405,600,424,1.68104062722737,0.6304347826086957,2.3114754098360657,0.0149
32,600,405,600,427,1.4419512763725373,0.6304347826086957,2.072386058981233,0.0149
33,600,405,600,429,2.5986622073578594,5.521739130434782,2.923076923076923,0.017266666666666666
34,600,406,600,431,1.0077519379844964,1.3255813953488371,2.3333333333333335,0.020233333333333332
35,600,406,600,434,1.591363488539796,0.5228426395939086,2.114206128133705,0.020233333333333332
36,600,407,600,436,1.746501760404441,4.660377358490566,2.9138755980861246,0.022233333333333334
37,600,407,600,438,0.8611156197586971,1.459016393442623,2.32013201320132,0.022233333333333334
38,600,408,600,440,0.6249944466657782,1.459016393442623,2.084010840108401,0.022233333333333334
39,600,408,600,442,1.3928354584092286,1.459016393442623,2.8518518518518516,0.025666666666666667
40,600,409,600,444,0.870967741935484,1.4193548387096775,2.2903225806451615,0.025666666666666667
41,600,409,600,446,0.6501638778678624,1.4193548387096775,2.06951871657754,0.030000000000000002
42,600,410,600,449,1.9775910364145664,4.882352941176471,2.9047619047619047,0.030000000000000002
43,600,411,600,451,1.6559987631416204,0.7045454545454546,2.360544217687075,0.0342
44,600,411,600,453,1.352612553401249,0.7647058823529411,2.11731843575419,0.035866666666666665
45,600,412,600,455,2.196078431372549,0.7647058823529411,2.9607843137254903,0.035866666666666665
46,600,412,601,457,2.0452488687782804,0.7647058823529411,2.8099547511312215,0.038900000000000004
47,600,413,601,459,1.588645881805491,0.7142857142857143,2.3029315960912053,0.038900000000000004
48,600,414,601,461,0.8083538083538084,1.2727272727272727,2.081081081081081,0.042133333333333335
49,600,414,601,463,1.529074529074529,1.2727272727272727,2.8018018018018016,0.042133333333333335
50,600,415,602,465,1.4364754098360657,0.875,2.3114754098360657,0.04613333333333334
51,600,415,602,467,0.3995956873315365,1.6785714285714286,2.078167115902965,0.0545
52,600,416,602,469,1.383284241531664,1.6785714285714286,3.0618556701030926,0.0545
53,600,417,602,471,1.383284241531664,1.6785714285714286,3.0618556701030926,0.05653333333333333
54,600,418,602,473,1.383284241531664,1.6785714285714286,3.0618556701030926,0.05653333333333333
55,600,418,603,475,1.383284241531664,1.6785714285714286,3.0618556701030926,0.05656666666666666
56,601,419,603,477,1.383284241531664,1.6785714285714286,3.0618556701030926,0.06709999999999999
57,601,420,603,479,1.383284241531664,1.6785714285714286,3.0618556701030926,0.06709999999999999
58,601,420,603,481,1.383284241531664,1.6785714285714286,3.0618556701030926,0.07526666666666666
59,601,421,603,483,1.383284241531664,1.6785714285714286,3.0618556701030926,0.07526666666666666
60,601,422,603,485,1.383284241531664,1.6785714285714286,3.0618556701030926,0.07396666666666667
61,601,423,603,487,1.383284241531664,1.6785714285714286,3.0618556701030926,0.07396666666666667
62,601,423,603,489,1.4047619047619049,1.6785714285714286,3.0833333333333335,0.08033333333333334
63,601,424,603,490,1.4047619047619049,1.6785714285714286,3.0833333333333335,0.0828
64,601,425,603,492,1.4047619047619049,1.6785714285714286,3.0833333333333335,0.0828
65,601,426,604,494,1.4047619047619049,7.823529411764706,3.0833333333333335,0.08563333333333333
66,601,427,604,496,1.4047619047619049,7.823529411764706,3.0833333333333335,0.08563333333333333
67,601,428,604,498,1.4047619047619049,7.823529411764706,3.0833333333333335,0.08916666666666666
68,601,428,603,500,2.394079555966697,5.521739130434782,3.127659574468085,0.09106666666666666
69,601,429,604,502,2.394079555966697,5.521739130434782,3.127659574468085,0.09106666666666666
70,601,430,603,504,2.394079555966697,5.521739130434782,3.127659574468085,0.094
71,601,431,603,506,2.394079555966697,5.521739130434782,3.127659574468085,0.094
72,601,432,604,508,2.394079555966697,12.043478260869565,3.2099447513812156,0.09773333333333332
73,601,433,604,510,2.394079555966697,12.043478260869565,3.2099447513812156,0.10056666666666667
74,601,433,603,512,2.394079555966697,12.043478260869565,3.2099447513812156,0.10056666666666667
75,601,434,603,514,2.394079555966697,12.043478260869565,3.2099447513812156,0.1032
76,601,435,603,516,2.394079555966697,12.043478260869565,3.2099447513812156,0.1032
77,601,436,603,518,4.53781512605042,7.823529411764706,3.2857142857142856,0.10629999999999999
78,600,437,603,520,4.53781512605042,7.823529411764706,3.2857142857142856,0.10629999999999999
79,600,438,603,522,4.53781512605042,7.823529411764706,3.2857142857142856,0.1093
80,600,439,603,523,4.550802139037433,7.823529411764706,3.272727272727273,0.11286666666666667
81,600,440,603,525,4.588892540256326,7.823529411764706,3.2346368715083798,0.11286666666666667
82,601,441,603,527,4.428319830926382,7.823529411764706,3.395209580838323,0.11486666666666667
83,601,442,603,529,4.428319830926382,7.823529411764706,3.395209580838323,0.11486666666666667
84,600,443,603,531,4.428319830926382,7.823529411764706,3.395209580838323,0.12056666666666667
85,600,444,603,533,4.428319830926382,7.823529411764706,3.395209580838323,0.12306666666666666
86,601,444,603,535,4.428319830926382,7.823529411764706,3.395209580838323,0.12306666666666666
87,601,445,603,537,4.428319830926382,7.823529411764706,3.395209580838323,0.12689999999999999
88,601,446,603,539,4.428319830926382,7.823529411764706,3.395209580838323,0.12689999999999999
89,601,447,603,541,4.428319830926382,7.823529411764706,3.395209580838323,0.12676666666666667
90,601,448,603,543,4.307806141324454,7.823529411764706,3.5157232704402515,0.13016666666666665
91,601,449,603,545,4.307806141324454,7.823529411764706,3.5157232704402515,0.13016666666666665
92,601,450,603,547,4.307806141324454,7.823529411764706,3.5157232704402515,0.13176666666666667
93,601,451,603,549,4.307806141324454,10.375,3.484472049689441,0.13176666666666667
94,601,452,603,551,4.307806141324454,10.375,3.484472049689441,0.13516666666666666
95,601,453,603,553,4.855428259683578,8.692307692307692,3.8368794326241136,0.13516666666666666
96,601,454,603,555,4.855428259683578,8.692307692307692,3.8368794326241136,0.1368
97,600,455,603,557,4.855428259683578,8.692307692307692,3.8368794326241136,0.13816666666666666
98,601,456,603,559,4.855428259683578,8.692307692307692,3.8368794326241136,0.13816666666666666
99,601,457,603,561,4.855428259683578,8.692307692307692,3.8368794326241136,0.13953333333333334
100,601,458,603,563,4.855428259683578,8.692307692307692,3.8368794326241136,0.13953333333333334
101,601,460,603,565,4.517704517704517,8.692307692307692,4.174603174603175,0.14206666666666665
102,601,461,603,567,4.517704517704517,8.692307692307692,4.174603174603175,0.14673333333333333
103,601,462,603,569,4.517704517704517,8.692307692307692,4.174603174603175,0.14673333333333333
104,601,463,603,571,4.517704517704517,8.692307692307692,4.174603174603175,0.14583333333333334
105,601,464,603,573,3.5787554137223605,8.317073170731707,4.738317757009346,0.14583333333333334
106,601,465,603,575,3.369272237196765,8.142857142857142,4.773584905660377,0.149
107,601,466,603,577,3.7962962962962967,8.5,4.703703703703703,0.15183333333333332
108,601,467,604,578,3.9886039886039883,8.692307692307692,4.703703703703703,0.15183333333333332
109,601,468,604,580,4.471744471744472,9.108108108108109,4.636363636363637,0.1515
110,601,469,604,582,4.967824967824968,9.571428571428571,4.603603603603603,0.1515
111,601,470,604,584,5.5194805194805205,10.090909090909092,4.571428571428571,0.15413333333333332
112,601,471,604,586,5.835176991150442,10.375,4.539823008849558,0.15413333333333332
113,601,472,604,588,6.491228070175438,11.0,4.508771929824562,0.15556666666666666
114,601,473,604,590,7.236024844720496,11.714285714285714,4.478260869565218,0.16429999999999997
115,601,475,604,592,8.090185676392572,12.538461538461538,4.448275862068965,0.16429999999999997
116,601,476,604,594,9.081196581196581,13.5,4.418803418803419,0.16319999999999998
117,601,477,604,596,10.275019098548512,14.636363636363637,4.361344537815126,0.16319999999999998
118,601,478,604,598,11.666666666666668,16.0,4.333333333333333,0.164
119,601,479,604,600,13.387978142076504,17.666666666666668,4.278688524590164,0.1684
120,601,480,604,602,15.497967479674797,19.75,4.252032520325203,0.1684
121,601,481,604,604,15.497967479674797,24.076923076923077,4.174603174603175,0.17033333333333334
122,601,482,604,606,15.497967479674797,28.272727272727273,4.125,0.17033333333333334
123,601,483,605,608,15.497967479674797,28.272727272727273,4.076923076923077,0.17273333333333335
124,602,484,605,610,15.497967479674797,28.272727272727273,4.03030303030303,0.17273333333333335
125,602,486,605,612,15.497967479674797,28.272727272727273,3.985074626865672,0.17450000000000002
126,602,487,605,614,15.497967479674797,28.272727272727273,3.9411764705882355,0.1758
127,602,488,605,616,15.497967479674797,28.272727272727273,3.898550724637681,0.1758
128,602,489,605,618,15.497967479674797,28.272727272727273,3.8368794326241136,0.17726666666666666
129,602,490,606,620,15.497967479674797,29.0,3.797202797202797,0.17726666666666666
130,602,491,605,622,16.688845401174166,20.428571428571427,3.73972602739726,0.17706666666666668
131,602,492,605,624,11.982102908277405,15.666666666666666,3.684563758389262,0.17933333333333332
132,602,493,605,626,9.021984551396317,12.636363636363637,3.6143790849673203,0.17933333333333332
133,602,494,605,628,6.9743589743589745,10.538461538461538,3.5641025641025643,0.18226666666666666
134,602,496,605,629,5.484276729559749,9.0,3.5157232704402515,0.18226666666666666
135,602,497,605,631,4.102292768959435,7.571428571428571,3.4691358024691357,0.18563333333333334
136,602,498,606,633,3.0903614457831323,6.5,3.4096385542168677,0.1864
137,602,499,606,635,2.299802761341223,5.666666666666667,3.366863905325444,0.1864
138,602,500,605,637,1.7555850742663925,5.122448979591836,3.366863905325444,0.18476666666666663
139,602,501,605,639,1.8831360946745561,5.25,3.366863905325444,0.18476666666666663
140,602,502,605,641,1.8831360946745561,5.25,3.366863905325444,0.18736666666666668
141,602,503,605,643,1.8831360946745561,5.25,3.366863905325444,0.18736666666666668
142,602,505,605,645,1.8831360946745561,5.25,3.366863905325444,0.193
143,602,506,605,647,1.8831360946745561,5.25,3.366863905325444,0.19186666666666669
144,602,507,605,648,1.8831360946745561,5.25,3.366863905325444,0.19186666666666669
145,601,508,604,650,1.8831360946745561,5.25,3.366863905325444,0.19240000000000002
146,601,509,604,652,1.8831360946745561,5.25,3.366863905325444,0.19240000000000002
147,601,510,604,654,1.8831360946745561,5.25,3.366863905325444,0.19553333333333336
148,601,511,603,656,0.6358930112165657,2.9473684210526314,2.3114754098360657,0.19790000000000002
149,600,512,603,657,0.6358930112165657,9.333333333333334,2.8018018018018016,0.19790000000000002
150,600,513,602,659,0.7229792394948988,1.8037383177570094,2.5267175572519083,0.1995
151,600,514,601,661,1.0764790764790764,1.2222222222222223,2.2987012987012987,0.1995
152,600,515,601,662,1.787828029034059,1.2222222222222223,3.0100502512562812,0.2
153,599,516,600,664,1.4945159752026704,1.2222222222222223,2.7167381974248928,0.20076666666666665
154,599,517,600,665,1.9620081411126185,4.454545454545454,2.4925373134328357,0.20076666666666665
155,598,518,599,667,1.9620081411126185,6.894736842105263,2.30718954248366,0.2048
156,598,519,598,668,1.9620081411126185,6.894736842105263,1.9975062344139651,0.2048
157,597,520,597,670,3.822197982001636,6.894736842105263,3.0725388601036268,0.20359999999999998
158,596,521,595,671,3.822197982001636,6.894736842105263,3.0725388601036268,0.20359999999999998
159,595,521,594,672,3.822197982001636,6.894736842105263,3.0725388601036268,0.20583333333333334
160,595,522,593,673,3.822197982001636,6.894736842105263,3.0725388601036268,0.20983333333333334
161,594,523,592,674,3.822197982001636,6.894736842105263,3.0725388601036268,0.20983333333333334
162,593,523,590,675,3.822197982001636,6.894736842105263,3.0725388601036268,0.21063333333333334
163,592,524,589,676,3.7783347257031465,6.894736842105263,3.1164021164021163,0.21063333333333334
164,591,525,587,677,3.7783347257031465,6.894736842105263,3.1164021164021163,0.20823333333333335
165,590,525,586,678,3.7783347257031465,6.894736842105263,3.1164021164021163,0.21006666666666668
166,589,526,584,679,3.7783347257031465,6.894736842105263,3.1164021164021163,0.21006666666666668
167,588,526,583,680,3.7783347257031465,6.894736842105263,3.1164021164021163,0.2101
168,587,527,581,680,3.7783347257031465,6.894736842105263,3.1164021164021163,0.2101
169,586,527,579,681,3.7783347257031465,6.894736842105263,3.1164021164021163,0.21640000000000004
170,585,527,578,682,3.7783347257031465,6.894736842105263,3.1164021164021163,0.22123333333333334
171,584,528,576,682,4.914888515943419,7.976744186046512,3.0618556701030926,0.22123333333333334
172,583,528,574,682,4.914888515943419,7.976744186046512,3.0618556701030926,0.2172
173,582,528,572,683,4.914888515943419,7.976744186046512,3.0618556701030926,0.2172
174,581,528,571,683,4.914888515943419,7.976744186046512,3.0618556701030926,0.2189
175,579,528,569,683,0.5340136054421767,3.1666666666666665,2.63265306122449,0.2189
176,578,528,567,683,0.41950327245705776,1.8037383177570094,2.223241590214067,0.2225666666666667
177,577,528,565,683,1.3239212567110756,1.8037383177570094,3.127659574468085,0.22473333333333337
178,576,528,564,683,1.3239212567110756,1.8037383177570094,3.127659574468085,0.22473333333333337
179,575,528,562,683,1.3239212567110756,1.8037383177570094,3.127659574468085,0.22366666666666665
180,574,528,560,683,1.3239212567110756,1.8037383177570094,3.127659574468085,0.22366666666666665
181,573,528,558,683,1.3239212567110756,1.8037383177570094,3.127659574468085,0.22266666666666665
182,572,528,556,682,1.3239212567110756,1.8037383177570094,3.127659574468085,0.22563333333333332
183,571,528,555,682,1.3239212567110756,1.8037383177570094,3.127659574468085,0.22563333333333332
184,570,528,553,682,1.3239212567110756,1.8037383177570094,3.127659574468085,0.22753333333333334
185,568,528,551,682,1.3701747257212513,1.8037383177570094,3.1739130434782608,0.22753333333333334
186,567,528,549,682,1.3701747257212513,1.8037383177570094,3.1739130434782608,0.22920000000000001
187,566,528,548,682,1.3701747257212513,1.8037383177570094,3.1739130434782608,0.22920000000000001
188,565,527,546,682,1.3701747257212513,1.8037383177570094,3.1739130434782608,0.23006666666666667
189,564,527,544,682,1.3701747257212513,1.8037383177570094,3.1739130434782608,0.23196666666666665
190,563,527,542,682,1.3701747257212513,1.8037383177570094,3.1739130434782608,0.23196666666666665
191,562,527,541,682,1.4308985537513703,1.8037383177570094,3.2346368715083798,0.23506666666666667
192,561,527,539,682,1.4308985537513703,1.8037383177570094,3.2346368715083798,0.23506666666666667
193,560,527,537,682,1.4308985537513703,1.8037383177570094,3.2346368715083798,0.23443333333333333
194,558,527,535,682,1.4308985537513703,1.8037383177570094,3.2346368715083798,0.23570000000000002
195,557,527,534,682,1.4308985537513703,1.8037383177570094,3.2346368715083798,0.23570000000000002
196,556,527,532,682,1.279595015576324,1.8037383177570094,3.0833333333333335,0.23729999999999998
197,555,527,530,682,1.279595015576324,7.521739130434782,3.3255813953488373,0.23729999999999998
198,554,527,528,682,1.279595015576324,7.521739130434782,3.3255813953488373,0.23943333333333333
199,553,528,527,682,1.279595015576324,7.521739130434782,3.3255813953488373,0.24146666666666666
200,552,528,525,682,1.279595015576324,7.521739130434782,3.3255813953488373,0.24146666666666666
201,551,528,523,682,1.279595015576324,7.521739130434782,3.3255813953488373,0.24270000000000003
202,550,528,521,682,1.279595015576324,7.521739130434782,3.3255813953488373,0.24270000000000003
203,548,528,519,682,1.279595015576324,7.521739130434782,3.3255813953488373,0.2444333333333333
204,547,528,518,682,1.279595015576324,7.521739130434782,3.6666666666666665,0.2444333333333333
205,546,528,516,682,1.279595015576324,7.521739130434782,3.6666666666666665,0.24573333333333336
206,545,528,514,682,1.279595015576324,7.521739130434782,3.6666666666666665,0.24583333333333332
207,544,528,512,682,1.279595015576324,7.521739130434782,3.6666666666666665,0.24583333333333332
208,543,528,510,682,3.264925373134328,7.25,3.985074626865672,0.24596666666666664
209,542,528,509,682,3.264925373134328,7.25,3.985074626865672,0.24596666666666664
210,541,528,507,682,3.264925373134328,7.25,3.985074626865672,0.2469
211,540,528,505,682,3.264925373134328,7.25,3.985074626865672,0.2483
212,538,528,503,682,3.264925373134328,7.25,3.985074626865672,0.2483
213,537,527,502,682,3.264925373134328,7.25,3.985074626865672,0.249
214,536,528,500,682,3.264925373134328,7.25,3.985074626865672,0.249
215,535,527,498,682,2.6880648640606983,0.7964071856287425,3.484472049689441,0.25076666666666664
216,534,527,496,682,2.6772431340267904,0.8072289156626506,3.484472049689441,0.2531333333333333
217,533,527,494,682,2.7035928143712575,0.7964071856287425,3.5,0.2531333333333333
218,532,527,493,682,2.6772431340267904,0.8072289156626506,3.484472049689441,0.2534
219,531,527,491,681,2.6880648640606983,0.7964071856287425,3.484472049689441,0.2534
220,530,527,489,681,2.6880648640606983,0.7964071856287425,3.484472049689441,0.2523666666666667
221,529,527,487,681,2.6772431340267904,0.8072289156626506,3.484472049689441,0.2523666666666667
222,527,527,486,681,2.6772431340267904,0.8072289156626506,3.484472049689441,0.2536333333333333
223,526,527,484,681,2.6772431340267904,0.8072289156626506,3.484472049689441,0.2554333333333333
224,525,527,482,681,2.6772431340267904,0.8072289156626506,3.484472049689441,0.2554333333333333
225,524,527,480,681,2.6772431340267904,0.8072289156626506,3.484472049689441,0.2548666666666667
226,523,527,478,681,2.6772431340267904,0.8072289156626506,3.484472049689441,0.2548666666666667
227,522,527,477,680,2.6772431340267904,0.8072289156626506,3.484472049689441,0.25706666666666667
228,521,527,475,680,2.6772431340267904,0.8072289156626506,3.484472049689441,0.25953333333333334
229,520,526,473,680,2.6772431340267904,0.8072289156626506,3.484472049689441,0.25953333333333334
230,519,526,471,680,2.877319736597651,0.1952191235059761,3.0725388601036268,0.2617
231,518,526,469,679,2.877319736597651,0.1952191235059761,3.0725388601036268,0.2617
232,518,526,469,679,2.877319736597651,0.1952191235059761,3.0725388601036268,0.26253333333333334
233,517,526,468,679,2.877319736597651,0.1952191235059761,3.0725388601036268,0.2658333333333333
234,516,525,467,677,2.877319736597651,0.1952191235059761,3.0725388601036268,0.2658333333333333
235,515,524,465,676,2.877319736597651,0.1952191235059761,3.0725388601036268,0.2659333333333333
236,514,524,464,675,2.877319736597651,0.1952191235059761,3.0725388601036268,0.2659333333333333
237,514,524,464,675,2.9937888198757765,0.8633540372670807,3.857142857142857,0.26453333333333334
238,514,523,462,675,3.0052910052910056,0.8518518518518519,3.857142857142857,0.26453333333333334
239,513,523,461,673,2.982142857142857,0.875,3.857142857142857,0.2653
240,512,522,459,672,2.9703504043126685,0.8867924528301887,3.857142857142857,0.26683333333333337
241,511,521,458,671,2.9937888198757765,0.8633540372670807,3.857142857142857,0.26683333333333337
242,510,521,456,670,2.9937888198757765,0.8633540372670807,3.857142857142857,0.2689333333333333
243,509,520,455,669,3.0052910052910056,0.8518518518518519,3.857142857142857,0.2689333333333333
244,509,519,454,667,3.0052910052910056,0.8518518518518519,3.857142857142857,0.2687
245,508,518,453,666,2.9937888198757765,0.8633540372670807,3.857142857142857,0.2687333333333334
246,507,518,452,665,3.0052910052910056,0.8518518518518519,3.857142857142857,0.2687333333333334
247,507,517,450,663,3.0052910052910056,0.8518518518518519,3.857142857142857,0.27080000000000004
248,506,516,449,662,3.0052910052910056,0.8518518518518519,3.857142857142857,0.27080000000000004
249,506,515,449,660,3.0052910052910056,0.8518518518518519,3.857142857142857,0.2700666666666667
250,505,514,448,659,3.0052910052910056,0.8518518518518519,3.857142857142857,0.2700666666666667
251,505,513,447,657,3.0052910052910056,0.8518518518518519,3.857142857142857,0.269
252,504,512,446,656,3.0052910052910056,0.8518518518518519,3.857142857142857,0.2720333333333333
253,504,511,445,654,3.0052910052910056,0.8518518518518519,3.857142857142857,0.2720333333333333
254,503,510,445,652,3.016652059596845,0.8404907975460123,3.857142857142857,0.2705
255,503,509,444,651,3.016652059596845,0.8404907975460123,3.857142857142857,0.2705
256,503,508,444,649,3.016652059596845,0.8404907975460123,3.857142857142857,0.27126666666666666
257,503,507,443,647,3.016652059596845,0.8404907975460123,3.857142857142857,0.2721
258,502,506,442,646,3.016652059596845,0.8404907975460123,3.857142857142857,0.2721
259,502,505,442,644,3.016652059596845,0.8404907975460123,3.857142857142857,0.2734333333333333
260,502,504,442,642,3.016652059596845,0.8404907975460123,3.857142857142857,0.2734333333333333
261,502,503,442,641,3.016652059596845,0.8404907975460123,3.857142857142857,0.2719333333333333
262,502,502,442,639,3.016652059596845,0.8404907975460123,3.857142857142857,0.27299999999999996
263,502,501,442,637,4.046783625730995,0.12781954887218044,4.174603174603175,0.27299999999999996
264,502,500,441,635,4.046783625730995,0.12781954887218044,4.174603174603175,0.27286666666666665
265,501,499,441,634,4.046783625730995,0.12781954887218044,4.174603174603175,0.27286666666666665
266,501,498,441,632,4.046783625730995,0.12781954887218044,4.174603174603175,0.2734333333333333
267,501,497,441,630,4.046783625730995,0.12781954887218044,4.174603174603175,0.2734333333333333
268,501,496,441,628,4.021786750340418,0.12781954887218044,4.149606299212598,0.2746333333333333
269,501,495,441,627,4.0260107935946206,0.12359550561797752,4.149606299212598,0.2749333333333333
270,501,494,441,625,4.0260107935946206,0.12359550561797752,4.149606299212598,0.2749333333333333
271,501,493,441,623,4.0260107935946206,0.12359550561797752,4.149606299212598,0.2736
272,501,492,441,622,4.0260107935946206,0.12359550561797752,4.149606299212598,0.2736
273,501,491,441,620,4.0260107935946206,0.12359550561797752,4.149606299212598,0.27299999999999996
274,501,490,441,618,4.0260107935946206,0.12359550561797752,4.149606299212598,0.27406666666666674
275,501,489,441,616,4.0260107935946206,0.12359550561797752,4.149606299212598,0.27406666666666674
276,501,488,441,615,4.051007668985197,0.12359550561797752,4.174603174603175,0.2753666666666667
277,501,487,441,613,4.042527702905062,0.1320754716981132,4.174603174603175,0.2753666666666667
278,501,486,441,611,3.951180768823467,0.056338028169014086,4.007518796992481,0.27663333333333334
279,501,485,441,610,3.77883912471368,0.03806228373702422,3.816901408450704,0.2767
280,501,484,441,608,3.77883912471368,0.03806228373702422,3.816901408450704,0.2767
281,501,483,440,606,3.77883912471368,0.03806228373702422,3.816901408450704,0.2746
282,501,482,440,605,3.77883912471368,0.03806228373702422,3.816901408450704,0.2746
283,501,481,440,603,3.77883912471368,0.03806228373702422,3.816901408450704,0.27366666666666667
284,501,480,440,601,4.009866102889359,0.09090909090909091,4.10077519379845,0.27366666666666667
285,501,478,440,599,4.009866102889359,0.09090909090909091,4.10077519379845,0.2753
286,501,477,440,598,4.009866102889359,0.09090909090909091,4.10077519379845,0.2704333333333333
287,501,476,440,596,4.009866102889359,0.09090909090909091,4.10077519379845,0.2704333333333333
288,500,475,440,594,4.009866102889359,0.09090909090909091,4.10077519379845,0.2744333333333333
289,500,474,440,593,4.298921417565485,0.09090909090909091,4.389830508474576,0.2744333333333333
290,500,473,439,591,4.161123429416112,0.09090909090909091,4.252032520325203,0.27759999999999996
291,500,472,439,589,4.109090909090909,0.09090909090909091,4.2,0.27373333333333333
292,500,471,439,587,4.034090909090909,0.09090909090909091,4.125,0.27373333333333333
293,500,470,439,586,3.986013986013986,0.09090909090909091,4.076923076923077,0.2788
294,500,469,439,584,3.91660970608339,0.09090909090909091,4.007518796992481,0.2788
295,500,468,439,582,3.8502673796791447,0.09090909090909091,3.9411764705882355,0.2812333333333334
296,500,466,439,581,3.7867887508175277,0.09090909090909091,3.8776978417266186,0.2805666666666667
297,500,465,439,579,3.725992317541613,0.09090909090909091,3.816901408450704,0.2805666666666667
298,500,464,439,577,3.6488169364881693,0.09090909090909091,3.73972602739726,0.27996666666666664
299,500,463,439,575,3.5757575757575757,0.09090909090909091,3.6666666666666665,0.27996666666666664
300,500,462,439,574,2.71967057332911,6.317073170731708,3.5974025974025974,0.28409999999999996
301,500,461,439,572,1.8513331537840019,5.382978723404255,3.5316455696202533,0.28409999999999996
302,500,460,439,570,1.206389628429216,4.660377358490566,3.4539877300613497,0.2826333333333333
303,500,459,439,569,0.7037933817594832,4.084745762711864,3.380952380952381,0.28623333333333334
304,500,458,439,567,0.1654732119748079,3.4776119402985075,3.3121387283236996,0.28623333333333334
305,500,456,439,565,0.1805828174543258,3.054054054054054,3.2346368715083798,0.2843666666666667
306,500,455,439,563,0.5360798030833007,2.6144578313253013,3.150537634408602,0.2843666666666667
307,500,454,438,562,0.5360798030833007,2.6144578313253013,3.150537634408602,0.2832
308,500,453,438,560,0.5360798030833007,2.6144578313253013,3.150537634408602,0.2862666666666666
309,500,452,438,558,0.8575268817204305,2.225806451612903,3.0833333333333335,0.2862666666666666
310,500,451,438,557,0.5539215686274512,2.5294117647058822,3.0833333333333335,0.2889333333333333
311,500,450,438,555,2.3181818181818183,5.818181818181818,3.5,0.2889333333333333
312,499,448,438,553,2.166666666666667,5.666666666666667,3.5,0.2876666666666667
313,499,447,438,551,2.166666666666667,5.666666666666667,3.5,0.2876666666666667
314,499,446,438,550,2.166666666666667,5.666666666666667,3.5,0.29023333333333334
315,499,445,438,548,2.166666666666667,5.666666666666667,3.5,0.2908
316,499,444,438,546,2.166666666666667,5.666666666666667,3.5,0.2908
317,499,443,438,544,2.166666666666667,5.666666666666667,3.5,0.29353333333333337
318,499,442,438,543,2.166666666666667,5.666666666666667,3.5,0.29353333333333337
319,499,440,438,541,2.166666666666667,5.666666666666667,3.5,0.2924333333333333
320,499,439,437,539,2.166666666666667,5.666666666666667,3.5,0.29353333333333337
321,499,438,437,538,3.7631184407796097,7.521739130434782,3.7586206896551726,0.29353333333333337
322,499,437,437,536,3.7631184407796097,7.521739130434782,3.7586206896551726,0.2939
323,499,436,437,534,3.5366645035691104,7.521739130434782,3.985074626865672,0.2939
324,499,435,437,532,3.5366645035691104,7.521739130434782,3.985074626865672,0.29496666666666665
325,499,433,437,531,3.5366645035691104,7.521739130434782,3.985074626865672,0.29940000000000005
326,499,432,437,529,3.5366645035691104,7.521739130434782,3.985074626865672,0.29940000000000005
327,499,431,437,527,3.5366645035691104,7.521739130434782,3.985074626865672,0.3000333333333333
328,499,430,437,525,3.5366645035691104,7.521739130434782,3.985074626865672,0.3000333333333333
329,499,429,437,524,3.5366645035691104,7.521739130434782,3.985074626865672,0.29893333333333333
330,499,427,437,522,4.668930390492361,8.894736842105264,4.225806451612903,0.29893333333333333
331,499,426,437,520,4.46969696969697,8.5,4.03030303030303,0.3007
332,499,425,437,519,5.075757575757576,8.5,3.4242424242424243,0.3017
333,499,424,437,517,5.075757575757576,8.5,3.4242424242424243,0.3017
334,499,423,437,515,4.778911564625851,8.5,3.7210884353741496,0.30423333333333336
335,499,421,437,513,4.778911564625851,8.5,3.7210884353741496,0.30423333333333336
336,499,420,437,512,4.778911564625851,8.5,3.7210884353741496,0.30643333333333334
337,499,419,437,510,4.778911564625851,8.5,3.7210884353741496,0.3066333333333333
338,499,418,437,508,4.778911564625851,8.5,3.7210884353741496,0.3066333333333333
339,499,417,437,506,4.778911564625851,8.5,3.7210884353741496,0.3063666666666667
340,499,416,438,505,4.778911564625851,8.5,3.7210884353741496,0.3063666666666667
341,499,414,438,503,4.778911564625851,8.5,3.7210884353741496,0.30716666666666664
342,500,413,439,502,4.778911564625851,8.5,3.7210884353741496,0.3086
343,500,412,438,500,4.58029197080292,8.5,3.9197080291970803,0.3086
344,500,411,438,498,4.58029197080292,8.5,3.9197080291970803,0.31176666666666664
345,500,410,438,496,4.58029197080292,8.5,3.9197080291970803,0.31176666666666664
346,500,408,439,495,4.58029197080292,8.5,3.9197080291970803,0.3107666666666667
347,500,407,438,493,6.600496277915633,10.67741935483871,4.076923076923077,0.3107666666666667
348,500,406,439,491,6.600496277915633,10.67741935483871,4.076923076923077,0.31023333333333336
349,500,405,439,489,7.0588235294117645,11.0,3.9411764705882355,0.3106
350,500,403,439,488,3.9739684297978397,7.521739130434782,3.5477707006369426,0.3106
351,500,402,439,486,3.9739684297978397,7.521739130434782,3.5477707006369426,0.31096666666666667
352,500,401,439,484,3.9739684297978397,7.521739130434782,3.5477707006369426,0.31096666666666667
353,500,400,439,482,3.9739684297978397,7.521739130434782,3.5477707006369426,0.3093
354,500,399,439,481,3.9739684297978397,7.521739130434782,3.5477707006369426,0.31006666666666666
355,500,398,439,479,3.9739684297978397,7.521739130434782,3.5477707006369426,0.31006666666666666
356,500,397,439,477,3.9739684297978397,10.090909090909092,3.380952380952381,0.3077
357,500,396,439,475,3.9739684297978397,10.090909090909092,3.380952380952381,0.3077
358,500,394,439,474,3.9739684297978397,11.714285714285714,3.3391812865497075,0.3096333333333333
359,500,393,439,472,3.9739684297978397,11.714285714285714,3.3391812865497075,0.30943333333333334
360,500,392,439,470,3.9739684297978397,11.714285714285714,3.3391812865497075,0.30943333333333334
361,500,391,439,468,3.9739684297978397,11.714285714285714,3.3391812865497075,0.3093666666666667
362,500,389,439,467,3.9739684297978397,11.714285714285714,3.3391812865497075,0.3093666666666667
363,500,388,439,465,5.04601226993865,8.5,3.4539877300613497,0.3079
364,500,387,439,463,5.04601226993865,8.5,3.4539877300613497,0.3079
365,500,386,439,461,5.04601226993865,8.5,3.4539877300613497,0.3078
366,500,384,439,459,5.04601226993865,8.5,3.4539877300613497,0.3083666666666666
367,500,383,439,458,5.04601226993865,8.5,3.4539877300613497,0.3083666666666666
368,500,382,439,456,5.04601226993865,8.5,3.4539877300613497,0.30873333333333336
369,500,380,439,454,4.817275747508305,8.142857142857142,3.3255813953488373,0.30873333333333336
370,500,379,439,452,4.817275747508305,8.142857142857142,3.3255813953488373,0.3078
371,500,378,439,451,4.817275747508305,8.142857142857142,3.3255813953488373,0.30696666666666667
372,500,377,439,449,4.817275747508305,8.142857142857142,3.3255813953488373,0.30696666666666667
373,500,375,439,447,4.817275747508305,8.142857142857142,3.3255813953488373,0.3035
374,500,374,439,445,4.817275747508305,8.142857142857142,3.3255813953488373,0.3035
375,500,373,439,444,4.150943396226415,7.666666666666667,3.5157232704402515,0.30529999999999996
376,500,372,439,442,4.150943396226415,7.666666666666667,3.5157232704402515,0.30529999999999996
377,500,370,439,440,4.150943396226415,7.666666666666667,3.5157232704402515,0.30333333333333334
378,501,369,440,438,4.150943396226415,7.666666666666667,3.5157232704402515,0.3011333333333333
379,500,368,439,437,0.38105432164838104,1.9702970297029703,2.3513513513513513,0.3011333333333333
380,500,366,439,435,2.7673531655225014,5.521739130434782,2.754385964912281,0.3009333333333333
381,501,365,440,433,1.3060321818043166,1.127659574468085,2.4336917562724016,0.3009333333333333
382,501,364,440,431,0.14536340852130314,1.8571428571428572,2.0025062656641603,0.3016
383,501,362,440,429,2.3739837398373984,5.0,2.6260162601626016,0.3040333333333333
384,501,361,440,428,1.485348867767509,0.8987341772151899,2.384083044982699,0.3040333333333333
385,501,360,440,426,2.0814638425867904,0.8987341772151899,2.98019801980198,0.3017
386,501,359,440,424,1.7272820829474118,0.8987341772151899,2.6260162601626016,0.3017
387,501,357,440,422,1.5047745947146347,0.8987341772151899,2.4035087719298245,0.3001333333333333
388,501,356,440,421,3.4440115872540202,5.382978723404255,1.9389671361502347,0.2987
389,501,355,440,419,2.3104398633006284,5.382978723404255,3.0725388601036268,0.2987
390,501,353,440,417,2.3104398633006284,5.382978723404255,3.0725388601036268,0.30269999999999997
391,501,352,440,415,2.3104398633006284,5.382978723404255,3.0725388601036268,0.30269999999999997
392,501,351,440,414,2.3104398633006284,5.382978723404255,3.0725388601036268,0.3003666666666667
393,501,349,440,412,2.3104398633006284,5.382978723404255,3.0725388601036268,0.3003666666666667
394,501,348,440,410,2.3104398633006284,5.382978723404255,3.0725388601036268,0.29923333333333335
395,501,347,440,408,2.3104398633006284,5.382978723404255,3.0725388601036268,0.29773333333333335
396,501,346,440,407,2.3104398633006284,11.344827586206897,3.0833333333333335,0.29773333333333335
397,501,344,440,405,2.3104398633006284,11.344827586206897,3.0833333333333335,0.3
398,501,343,440,403,2.3104398633006284,11.344827586206897,3.0833333333333335,0.3
399,501,342,440,401,2.3104398633006284,11.344827586206897,3.0833333333333335,0.2975333333333333
400,501,340,441,400,2.3104398633006284,11.344827586206897,3.0833333333333335,0.2966666666666667
401,501,339,441,399,2.3104398633006284,11.344827586206897,3.0833333333333335,0.2966666666666667
402,501,338,441,397,2.3104398633006284,11.344827586206897,3.0833333333333335,0.2932666666666667
403,501,337,441,395,2.3104398633006284,11.344827586206897,3.0833333333333335,0.2932666666666667
404,501,335,441,394,2.3104398633006284,9.333333333333334,3.094240837696335,0.29496666666666665
405,501,334,441,392,2.3104398633006284,9.333333333333334,3.094240837696335,0.29560000000000003
406,502,333,441,390,0.22718951729453685,1.8037383177570094,2.0309278350515463,0.29560000000000003
407,502,331,441,388,0.6943890230669607,1.8037383177570094,2.49812734082397,0.2965
408,502,330,441,387,0.7854644383987561,1.4193548387096775,2.2048192771084336,0.2965
409,502,329,441,385,1.3350311262026033,1.4193548387096775,2.754385964912281,0.2935
410,502,327,441,383,3.6722689075630255,6.142857142857143,2.4705882352941178,0.2935
411,502,326,442,381,1.0615181919529744,1.097902097902098,2.1594202898550723,0.29296666666666665
412,502,325,441,380,1.9854312354312356,1.097902097902098,3.0833333333333335,0.2938
413,502,324,441,378,1.9854312354312356,1.097902097902098,3.0833333333333335,0.2938
414,502,322,441,376,1.9854312354312356,1.097902097902098,3.0833333333333335,0.29306666666666664
415,502,321,442,374,1.9854312354312356,1.097902097902098,3.0833333333333335,0.29306666666666664
416,502,320,442,373,1.9854312354312356,1.097902097902098,3.0833333333333335,0.2927666666666667
417,502,319,442,371,1.9854312354312356,1.097902097902098,3.0833333333333335,0.2923
418,502,317,442,369,1.9854312354312356,1.097902097902098,3.0833333333333335,0.2923
419,502,316,442,367,1.9854312354312356,1.097902097902098,3.0833333333333335,0.2922
420,502,315,442,366,2.029757476565987,1.097902097902098,3.127659574468085,0.2922
421,502,313,442,364,2.029757476565987,1.097902097902098,3.127659574468085,0.2909333333333333
422,502,312,442,362,2.076010945576163,1.097902097902098,3.1739130434782608,0.2922
423,502,311,442,360,2.076010945576163,1.097902097902098,3.1739130434782608,0.2922
424,502,310,442,358,2.076010945576163,1.097902097902098,3.1739130434782608,0.29209999999999997
425,502,308,442,357,2.1492889133338573,1.097902097902098,3.247191011235955,0.29209999999999997
426,502,307,442,355,2.1492889133338573,1.097902097902098,3.247191011235955,0.29196666666666665
427,503,306,443,353,2.1492889133338573,1.097902097902098,3.247191011235955,0.29196666666666665
428,503,305,442,351,2.1492889133338573,1.097902097902098,3.247191011235955,0.2929333333333333
429,503,303,442,350,2.1492889133338573,1.097902097902098,3.247191011235955,0.28973333333333334
430,503,302,442,348,2.1492889133338573,1.097902097902098,3.247191011235955,0.28973333333333334
431,502,301,442,346,2.1492889133338573,1.097902097902098,3.247191011235955,0.28990000000000005
432,502,300,442,344,2.1492889133338573,1.097902097902098,3.247191011235955,0.28990000000000005
433,502,298,441,343,2.1492889133338573,1.097902097902098,3.247191011235955,0.2891666666666667
434,501,297,441,341,2.0185000185000184,1.097902097902098,3.1164021164021163,0.28586666666666666
435,501,296,440,339,2.0185000185000184,1.097902097902098,3.1164021164021163,0.28586666666666666
436,500,295,439,338,2.0878902518246782,1.097902097902098,3.185792349726776,0.2853
437,500,294,438,336,2.0878902518246782,1.097902097902098,3.185792349726776,0.2853
438,499,293,437,334,4.46524064171123,7.818181818181818,3.3529411764705883,0.2882
439,498,292,436,333,4.46524064171123,7.818181818181818,3.3529411764705883,0.2882
440,497,291,435,331,4.756326148078726,7.818181818181818,3.0618556701030926,0.2863
441,497,290,434,330,4.756326148078726,7.818181818181818,3.0618556701030926,0.286
442,496,289,432,329,4.756326148078726,7.818181818181818,3.0618556701030926,0.286
443,495,288,431,327,4.690522243713733,7.818181818181818,3.127659574468085,0.2860666666666667
444,494,287,430,326,4.690522243713733,7.818181818181818,3.127659574468085,0.2860666666666667
445,493,286,428,325,4.690522243713733,7.818181818181818,3.127659574468085,0.2853
446,492,285,427,324,4.632389468455042,7.818181818181818,3.185792349726776,0.2832
447,491,285,425,323,4.632389468455042,7.818181818181818,3.185792349726776,0.2832
448,490,284,424,322,4.595959595959596,7.818181818181818,3.2222222222222223,0.2856333333333333
449,489,283,422,321,4.595959595959596,7.818181818181818,3.2222222222222223,0.2856333333333333
450,488,283,421,320,4.595959595959596,7.818181818181818,3.2222222222222223,0.2857
451,486,282,419,319,4.595959595959596,7.818181818181818,3.2222222222222223,0.2849333333333333
452,485,282,417,319,4.595959595959596,7.818181818181818,3.2222222222222223,0.2849333333333333
453,484,282,416,318,4.595959595959596,7.818181818181818,3.2222222222222223,0.2837
454,483,281,414,318,4.595959595959596,7.818181818181818,3.2222222222222223,0.2837
455,482,281,412,318,4.595959595959596,14.043478260869565,3.0833333333333335,0.2823
456,480,281,410,317,4.595959595959596,14.043478260869565,3.0833333333333335,0.2823
457,479,281,408,317,4.595959595959596,14.043478260869565,3.0833333333333335,0.2833333333333333
458,478,281,407,317,4.595959595959596,14.043478260869565,3.0833333333333335,0.2830333333333333
459,477,281,405,317,4.595959595959596,14.043478260869565,3.0833333333333335,0.2830333333333333
460,475,280,403,316,4.595959595959596,14.636363636363637,3.0833333333333335,0.2833
461,474,280,401,316,4.595959595959596,14.636363636363637,3.0833333333333335,0.2833
462,473,280,399,316,4.595959595959596,14.636363636363637,3.0833333333333335,0.28146666666666664
463,471,280,398,316,4.595959595959596,14.636363636363637,3.0833333333333335,0.2809333333333333
464,470,280,396,316,4.595959595959596,14.636363636363637,3.0833333333333335,0.2809333333333333
465,469,280,394,316,4.595959595959596,14.636363636363637,3.0833333333333335,0.2810666666666667
466,468,280,392,316,4.595959595959596,15.285714285714286,3.0833333333333335,0.2810666666666667
467,466,280,391,316,4.595959595959596,15.285714285714286,3.0833333333333335,0.2799333333333333
468,465,280,389,316,4.595959595959596,16.0,3.0833333333333335,0.2803333333333333
469,464,280,387,316,4.595959595959596,16.0,3.0833333333333335,0.2803333333333333
470,463,280,385,316,4.595959595959596,16.0,3.0833333333333335,0.2794666666666667
471,461,280,383,316,4.595959595959596,16.0,3.0833333333333335,0.2794666666666667
472,460,280,382,316,4.595959595959596,16.0,3.0833333333333335,0.2780666666666667
473,459,280,380,316,4.595959595959596,16.0,3.0833333333333335,0.2780666666666667
474,458,280,378,315,4.595959595959596,16.0,3.0833333333333335,0.27873333333333333
475,456,280,376,316,4.595959595959596,16.789473684210527,3.0833333333333335,0.2798
476,455,280,375,315,4.595959595959596,16.789473684210527,3.0833333333333335,0.2798
477,454,280,373,315,4.595959595959596,16.789473684210527,3.0833333333333335,0.2788
478,453,280,371,315,4.595959595959596,16.789473684210527,3.0833333333333335,0.2788
479,451,280,369,315,4.595959595959596,16.789473684210527,3.0833333333333335,0.2778
480,450,280,367,315,4.595959595959596,16.789473684210527,3.0833333333333335,0.27540000000000003
481,449,280,366,316,4.595959595959596,16.789473684210527,3.0833333333333335,0.27540000000000003
482,447,280,364,315,4.595959595959596,16.789473684210527,3.0833333333333335,0.27749999999999997
483,446,280,362,315,4.595959595959596,16.789473684210527,3.0833333333333335,0.27749999999999997
484,445,280,360,315,4.595959595959596,17.666666666666668,3.0833333333333335,0.27696666666666664
485,444,280,359,315,4.595959595959596,17.666666666666668,3.0833333333333335,0.27690000000000003
486,442,280,357,315,4.595959595959596,17.666666666666668,3.0833333333333335,0.27690000000000003
487,441,279,355,315,4.595959595959596,17.666666666666668,3.0833333333333335,0.27416666666666667
488,440,279,353,315,4.595959595959596,17.666666666666668,3.0833333333333335,0.27416666666666667
489,439,279,352,315,4.595959595959596,17.666666666666668,3.0833333333333335,0.2746333333333333
490,437,279,350,315,4.595959595959596,17.666666666666668,3.0833333333333335,0.2746333333333333
491,436,279,348,315,4.595959595959596,17.666666666666668,3.0833333333333335,0.27243333333333336
492,435,279,346,315,4.595959595959596,17.666666666666668,3.0833333333333335,0.2734
493,434,279,345,315,4.595959595959596,24.076923076923077,3.1739130434782608,0.2734
494,432,279,343,315,4.595959595959596,24.076923076923077,3.1739130434782608,0.27230000000000004
495,431,279,341,315,4.595959595959596,24.076923076923077,3.1739130434782608,0.27230000000000004
496,430,279,339,315,4.595959595959596,24.076923076923077,3.1739130434782608,0.2719
497,428,279,338,314,4.595959595959596,24.076923076923077,3.1739130434782608,0.27116666666666667
498,427,279,336,314,3.349462365591398,6.5,3.150537634408602,0.27116666666666667
499,426,279,334,314,2.1109625668449197,5.25,3.1390374331550803,0.2716333333333333
500,425,279,332,314,1.5213399253354853,4.660377358490566,3.1390374331550803,0.2716333333333333
501,423,279,331,314,1.033376359948368,4.172413793103448,3.1390374331550803,0.2705666666666667
502,422,279,329,314,0.6342451874366768,3.761904761904762,3.127659574468085,0.2705666666666667
503,421,279,327,314,0.22016651248843688,3.347826086956522,3.127659574468085,0.27126666666666666
504,420,279,325,314,0.11640211640211628,3.0,3.1164021164021163,0.2688333333333333
505,418,279,324,314,0.4578655310362625,2.658536585365854,3.1164021164021163,0.2688333333333333
506,417,279,322,314,0.7344766410408043,2.3707865168539324,3.1052631578947367,0.2675666666666667
507,416,279,320,314,1.0124796527400974,2.0927835051546393,3.1052631578947367,0.2675666666666667
508,414,279,318,314,1.264052158451052,1.830188679245283,3.094240837696335,0.26613333333333333
509,413,279,317,314,1.5080339411446109,1.5862068965517242,3.094240837696335,0.26566666666666666
510,412,279,315,314,1.7211286089238846,1.3622047244094488,3.0833333333333335,0.26566666666666666
511,411,279,313,315,1.9142654788086628,1.158273381294964,3.0725388601036268,0.26443333333333335
512,409,279,311,315,2.0751007032156754,0.9867549668874173,3.0618556701030926,0.26443333333333335
513,408,280,310,315,2.0618556701030926,1.0,3.0618556701030926,0.26416666666666666
514,407,280,308,316,2.0618556701030926,1.0,3.0618556701030926,0.26263333333333333
515,406,281,306,317,2.048432851311146,1.0134228187919463,3.0618556701030926,0.26263333333333333
516,405,281,305,318,2.0618556701030926,1.0,3.0618556701030926,0.25953333333333334
517,404,282,303,318,2.0751007032156754,0.9867549668874173,3.0618556701030926,0.25953333333333334
518,402,282,301,319,2.0751007032156754,0.9867549668874173,3.0618556701030926,0.25676666666666664
519,401,283,300,320,2.0751007032156754,0.9867549668874173,3.0618556701030926,0.25676666666666664
520,401,284,299,321,2.0751007032156754,0.9867549668874173,3.0618556701030926,0.2561333333333333
521,400,285,298,322,2.0751007032156754,0.9867549668874173,3.0618556701030926,0.2523666666666667
522,400,285,298,322,2.0751007032156754,0.9867549668874173,3.0618556701030926,0.2523666666666667
523,400,285,298,322,2.0751007032156754,0.9867549668874173,3.0618556701030926,0.2526333333333333
524,399,286,297,324,2.0751007032156754,0.9867549668874173,3.0618556701030926,0.2526333333333333
525,399,287,297,326,2.0751007032156754,0.9867549668874173,3.0618556701030926,0.24990000000000004
526,399,288,296,327,2.394197414064964,0.9867549668874173,3.380952380952381,0.24803333333333333
527,398,289,296,329,2.394197414064964,0.9867549668874173,3.380952380952381,0.24803333333333333
528,398,290,295,330,2.394197414064964,0.9867549668874173,3.380952380952381,0.24563333333333331
529,397,291,294,332,2.6106476305151802,0.9867549668874173,3.5974025974025974,0.24563333333333331
530,397,293,294,334,2.6106476305151802,0.9867549668874173,3.5974025974025974,0.24509999999999998
531,396,294,293,335,2.6106476305151802,0.9867549668874173,3.5974025974025974,0.24426666666666666
532,396,295,293,337,2.7159477358152855,0.9867549668874173,3.7027027027027026,0.24426666666666666
533,396,296,292,339,2.7159477358152855,0.9867549668874173,3.7027027027027026,0.24186666666666667
534,396,298,292,340,2.7159477358152855,0.9867549668874173,3.7027027027027026,0.24186666666666667
535,395,299,292,342,3.9404839764551998,7.818181818181818,3.8776978417266186,0.2366
536,395,300,291,344,3.9404839764551998,7.818181818181818,3.8776978417266186,0.2366
537,395,301,291,346,3.9404839764551998,7.818181818181818,3.8776978417266186,0.23550000000000001
538,395,302,291,347,3.9404839764551998,7.818181818181818,3.8776978417266186,0.2368
539,394,304,290,349,3.9404839764551998,7.818181818181818,3.8776978417266186,0.2368
540,394,305,290,351,3.9404839764551998,7.818181818181818,3.8776978417266186,0.23433333333333334
541,394,306,290,352,1.926432722724932,0.5228426395939086,2.449275362318841,0.23433333333333334
542,394,307,290,354,2.2871121115373128,0.5228426395939086,2.8099547511312215,0.23066666666666666
543,394,309,289,356,2.130049922389562,0.5228426395939086,2.652892561983471,0.22759999999999997
544,394,310,289,358,1.847644585288561,0.639344262295082,2.486988847583643,0.22759999999999997
545,393,311,289,359,0.9089865058857309,1.3255813953488371,2.234567901234568,0.2227
546,393,312,289,361,0.9740394600207682,1.8037383177570094,2.7777777777777777,0.2227
547,393,314,289,363,0.03252032520325221,2.658536585365854,2.6260162601626016,0.2191
548,393,315,288,364,0.16040924454188366,2.658536585365854,2.49812734082397,0.21683333333333332
549,393,316,288,366,1.6563132367584235,0.5706806282722513,2.226993865030675,0.21683333333333332
550,393,317,288,368,2.2558033899925887,0.5706806282722513,2.82648401826484,0.21723333333333333
551,393,319,288,370,2.0822119337112195,0.5706806282722513,2.652892561983471,0.21723333333333333
552,393,320,288,371,1.605744860602647,0.8867924528301887,2.4925373134328357,0.21803333333333336
553,393,321,288,373,1.6711872111523598,0.5228426395939086,2.1940298507462686,0.21803333333333336
554,392,322,288,375,2.3204753327563217,0.5228426395939086,2.8433179723502304,0.21746666666666667
555,392,324,288,377,1.3550908735587257,1.3255813953488371,2.680672268907563,0.2161
556,392,325,287,378,0.6522911051212938,1.8571428571428572,2.509433962264151,0.2161
557,392,326,287,380,1.3222129552404782,3.5454545454545454,2.223241590214067,0.213
558,392,327,287,382,0.7189705271897053,3.5454545454545454,2.82648401826484,0.213
559,392,329,287,383,0.8647822765469826,3.5454545454545454,2.680672268907563,0.21086666666666667
560,392,330,287,385,1.5912336862841663,0.9354838709677419,2.5267175572519083,0.20840000000000003
561,392,331,287,387,1.5912336862841663,7.521739130434782,2.223241590214067,0.20840000000000003
562,392,332,287,389,1.5912336862841663,10.090909090909092,2.923076923076923,0.20420000000000002
563,392,334,286,390,1.3619332066250338,1.3622047244094488,2.7241379310344827,0.20420000000000002
564,392,335,286,392,1.1821968199920956,1.3622047244094488,2.5444015444015444,0.2047
565,391,336,286,394,1.1373239436619718,1.1126760563380282,2.25,0.2047
566,391,337,286,396,1.8011995417480964,1.1126760563380282,2.9138755980861246,0.20390000000000003
567,391,339,286,397,0.6931614751163626,2.061224489795918,2.754385964912281,0.20493333333333333
568,391,340,286,399,1.8956344095572235,0.6853932584269663,2.58102766798419,0.20493333333333333
569,391,341,285,400,1.0077590141487902,3.2857142857142856,2.2779552715654954,0.206
570,391,342,285,402,0.21317542561065883,3.2857142857142856,3.0725388601036268,0.206
571,391,344,285,403,0.21317542561065883,3.2857142857142856,3.0725388601036268,0.20129999999999998
572,390,345,285,405,0.21317542561065883,3.2857142857142856,3.0725388601036268,0.197
573,390,346,285,407,0.21317542561065883,3.2857142857142856,3.0725388601036268,0.197
574,390,347,284,409,0.21317542561065883,3.2857142857142856,3.0725388601036268,0.19676666666666665
575,390,349,284,410,0.21317542561065883,3.2857142857142856,3.0725388601036268,0.19676666666666665
576,390,350,284,412,0.21317542561065883,3.2857142857142856,3.0725388601036268,0.19709999999999997
577,390,351,284,414,0.21317542561065883,3.2857142857142856,3.0725388601036268,0.1983
578,390,353,284,415,0.21317542561065883,3.2857142857142856,3.0725388601036268,0.1983
579,389,354,284,417,0.21317542561065883,3.2857142857142856,3.0725388601036268,0.2015666666666667
580,389,355,283,419,0.21317542561065883,7.108108108108108,3.0833333333333335,0.2015666666666667
581,389,356,283,421,0.21317542561065883,7.108108108108108,3.0833333333333335,0.2033
582,389,358,283,422,0.21317542561065883,7.108108108108108,3.0833333333333335,0.2033
583,389,359,283,424,0.21317542561065883,7.108108108108108,3.0833333333333335,0.20093333333333332
584,389,360,283,426,0.21317542561065883,7.108108108108108,3.0833333333333335,0.20083333333333334
585,389,361,282,428,2.4164759725400455,5.521739130434782,3.1052631578947367,0.20083333333333334
586,389,363,282,429,2.4164759725400455,5.521739130434782,3.1052631578947367,0.20140000000000002
587,388,364,282,431,2.4164759725400455,5.521739130434782,3.1052631578947367,0.20140000000000002
588,388,365,282,433,0.2953625894802365,3.411764705882353,3.1164021164021163,0.19736666666666666
589,388,367,282,435,0.2953625894802365,3.411764705882353,3.1164021164021163,0.19463333333333332
590,388,368,281,436,0.2953625894802365,3.411764705882353,3.1164021164021163,0.19463333333333332
591,388,369,281,438,0.3612098238963912,3.4776119402985075,3.1164021164021163,0.19329999999999997
592,388,370,281,440,0.2953625894802365,3.411764705882353,3.1164021164021163,0.19329999999999997
593,387,372,281,442,0.2953625894802365,3.411764705882353,3.1164021164021163,0.19516666666666668
594,387,373,281,443,0.2953625894802365,3.411764705882353,3.1164021164021163,0.19366666666666665
595,387,374,280,445,0.2953625894802365,3.411764705882353,3.1164021164021163,0.19366666666666665
596,387,376,280,447,0.2953625894802365,3.411764705882353,3.1164021164021163,0.1907
597,387,377,280,449,0.2953625894802365,3.411764705882353,3.1164021164021163,0.1907
598,387,378,280,450,0.2953625894802365,3.411764705882353,3.1164021164021163,0.19066666666666665
599,387,379,279,452,0.2953625894802365,3.411764705882353,3.1164021164021163,0.19066666666666665
600,386,381,279,454,0.2953625894802365,3.411764705882353,3.1164021164021163,0.1865666666666667
601,386,382,279,456,0.6096256684491981,2.5294117647058822,3.1390374331550803,0.18896666666666664
602,386,383,279,457,1.215495320023806,1.9702970297029703,3.185792349726776,0.18896666666666664
603,386,384,278,459,1.5072209211553476,1.6785714285714286,3.185792349726776,0.19090000000000001
604,385,386,278,461,1.5072209211553476,1.6785714285714286,3.185792349726776,0.19090000000000001
605,385,387,277,463,1.5072209211553476,1.6785714285714286,3.185792349726776,0.18623333333333336
606,384,388,277,464,2.0040623984400394,1.2058823529411764,3.2099447513812156,0.18633333333333332
607,384,389,276,466,2.0040623984400394,1.2058823529411764,3.2099447513812156,0.18633333333333332
608,383,391,275,468,2.0040623984400394,1.2058823529411764,3.2099447513812156,0.1851
609,383,392,274,469,2.0040623984400394,1.2058823529411764,3.2099447513812156,0.1851
610,382,393,273,471,2.324114088159032,0.9230769230769231,3.247191011235955,0.18613333333333332
611,381,394,272,472,2.324114088159032,0.9230769230769231,3.247191011235955,0.18833333333333335
612,381,395,271,474,2.324114088159032,0.9230769230769231,3.247191011235955,0.18833333333333335
613,380,396,270,475,2.324114088159032,0.9230769230769231,3.247191011235955,0.1877
614,379,397,269,476,2.324114088159032,0.9230769230769231,3.247191011235955,0.1877
615,378,398,268,478,1.816849816849817,1.380952380952381,3.197802197802198,0.1888
616,377,399,266,479,1.816849816849817,1.380952380952381,3.197802197802198,0.1888
617,376,399,265,480,1.816849816849817,1.380952380952381,3.197802197802198,0.1869333333333333
618,375,400,263,481,1.816849816849817,1.380952380952381,3.197802197802198,0.18883333333333333
619,374,400,262,482,2.594305120167189,0.7045454545454546,3.2988505747126435,0.18883333333333333
620,373,400,260,483,2.594305120167189,0.7045454545454546,3.2988505747126435,0.1858
621,372,401,259,484,2.594305120167189,0.7045454545454546,3.2988505747126435,0.1858
622,370,402,257,484,2.806549423893269,0.5463917525773195,3.3529411764705883,0.18506666666666668
623,369,402,255,485,2.806549423893269,0.5463917525773195,3.3529411764705883,0.18523333333333333
624,368,402,254,485,2.806549423893269,0.5463917525773195,3.3529411764705883,0.18523333333333333
625,367,403,252,486,2.806549423893269,0.5463917525773195,3.3529411764705883,0.1854333333333333
626,365,403,250,486,2.806549423893269,0.5463917525773195,3.3529411764705883,0.1854333333333333
627,365,403,250,486,1.541841982234689,1.608695652173913,3.150537634408602,0.19016666666666668
628,364,403,248,486,1.541841982234689,1.608695652173913,3.150537634408602,0.19016666666666668
629,363,404,247,487,1.541841982234689,1.608695652173913,3.150537634408602,0.19446666666666665
630,362,404,245,487,1.541841982234689,1.608695652173913,3.150537634408602,0.1928666666666667
631,360,404,243,488,1.541841982234689,1.608695652173913,3.150537634408602,0.1928666666666667
632,359,404,241,488,1.541841982234689,1.608695652173913,3.150537634408602,0.1896
633,358,405,240,488,1.541841982234689,1.608695652173913,3.150537634408602,0.1896
634,357,405,238,489,2.6041458818312826,0.5463917525773195,3.150537634408602,0.18963333333333335
635,355,405,236,489,2.6041458818312826,0.5463917525773195,3.150537634408602,0.186
636,354,405,234,489,2.6041458818312826,0.5463917525773195,3.150537634408602,0.186
637,353,405,232,489,2.5289160127869805,0.6216216216216216,3.150537634408602,0.18686666666666665
638,351,405,230,489,2.5289160127869805,0.6216216216216216,3.150537634408602,0.18686666666666665
639,350,405,229,489,2.5289160127869805,0.6216216216216216,3.150537634408602,0.1867
640,349,405,227,489,1.7362742747542554,1.3255813953488371,3.0618556701030926,0.1858
641,348,405,225,489,1.7362742747542554,1.3255813953488371,3.0618556701030926,0.1858
642,346,405,223,489,1.7362742747542554,1.3255813953488371,3.0618556701030926,0.18473333333333336
643,345,405,221,489,1.7362742747542554,1.3255813953488371,3.0618556701030926,0.18473333333333336
644,344,405,220,489,1.7362742747542554,1.3255813953488371,3.0618556701030926,0.1842
645,342,405,218,488,1.7362742747542554,1.3255813953488371,3.0618556701030926,0.1842
646,341,405,216,488,2.048432851311146,1.0134228187919463,3.0618556701030926,0.18473333333333336
647,340,404,214,488,2.048432851311146,1.0134228187919463,3.0618556701030926,0.18363333333333332
648,339,404,212,488,2.048432851311146,1.0134228187919463,3.0618556701030926,0.18363333333333332
649,337,404,211,488,2.048432851311146,1.0134228187919463,3.0618556701030926,0.182
650,336,404,209,488,2.3074697051908117,0.7543859649122807,3.0618556701030926,0.182
651,335,404,207,488,2.3074697051908117,0.7543859649122807,3.0618556701030926,0.18286666666666668
652,333,404,205,488,2.3074697051908117,0.7543859649122807,3.0618556701030926,0.18373333333333336
653,332,404,203,488,2.3074697051908117,0.7543859649122807,3.0618556701030926,0.18373333333333336
654,331,404,202,488,2.3074697051908117,0.7543859649122807,3.0618556701030926,0.18309999999999998
655,329,404,200,488,2.3074697051908117,0.7543859649122807,3.0618556701030926,0.18309999999999998
656,328,404,198,488,2.3074697051908117,0.7543859649122807,3.0618556701030926,0.18276666666666666
657,327,404,196,488,1.891704570067143,0.7543859649122807,2.646090534979424,0.1822
658,326,404,195,488,1.1558441558441557,1.2727272727272727,2.4285714285714284,0.1822
659,324,404,193,487,1.3151857558637219,0.6949152542372882,2.01010101010101,0.18170000000000003
660,323,404,191,487,1.211517165005537,3.761904761904762,2.550387596899225,0.18170000000000003
661,322,404,189,487,0.452060574804257,2.896103896103896,2.444043321299639,0.18136666666666665
662,320,404,187,487,0.7806853866108407,3.1095890410958904,2.3289036544850497,0.18136666666666665
663,319,404,186,487,0.43594887373187374,3.1095890410958904,2.6736401673640167,0.18403333333333333
664,318,404,184,487,1.9020359485475766,0.6483516483516484,2.550387596899225,0.1842
665,317,403,182,487,1.0246884825899616,1.4193548387096775,2.444043321299639,0.1842
666,315,403,180,487,1.2880873279544374,1.0408163265306123,2.3289036544850497,0.18673333333333333
667,314,403,179,487,1.249948272294641,0.6759776536312849,1.9259259259259258,0.18673333333333333
668,313,403,177,487,0.5444015444015444,2.0,2.5444015444015444,0.1844333333333333
669,311,403,175,487,0.3724672664764834,2.061224489795918,2.4336917562724016,0.183
670,310,403,173,486,1.6598877980364657,0.6304347826086957,2.2903225806451615,0.183
671,309,403,172,486,2.9669678147939016,0.6304347826086957,3.5974025974025974,0.18209999999999998
672,307,403,170,486,2.9336677814938685,0.6304347826086957,3.5641025641025643,0.18209999999999998
673,306,403,168,486,2.9173359180282468,0.6304347826086957,3.5477707006369426,0.18456666666666668
674,305,403,166,486,2.9173359180282468,0.6304347826086957,3.5477707006369426,0.18786666666666668
675,304,402,164,486,2.9173359180282468,0.6304347826086957,3.5477707006369426,0.18786666666666668
676,302,402,163,485,2.9173359180282468,0.6304347826086957,3.5477707006369426,0.1884
677,301,402,161,485,2.9173359180282468,0.6304347826086957,3.5477707006369426,0.1884
678,300,402,159,485,2.9173359180282468,0.6304347826086957,3.5477707006369426,0.1877
679,299,402,158,484,2.9173359180282468,0.6304347826086957,3.5477707006369426,0.1877
680,297,401,156,484,2.9173359180282468,0.6304347826086957,3.5477707006369426,0.1930666666666667
681,296,401,154,484,2.9173359180282468,0.6304347826086957,3.5477707006369426,0.19323333333333334
682,295,401,152,483,2.854037267080745,0.6304347826086957,3.484472049689441,0.19323333333333334
683,293,400,151,483,2.854037267080745,0.6304347826086957,3.484472049689441,0.19223333333333334
684,292,400,149,482,2.854037267080745,0.6304347826086957,3.484472049689441,0.19223333333333334
685,291,400,147,482,2.854037267080745,0.6304347826086957,3.484472049689441,0.19503333333333334
686,290,400,146,481,2.854037267080745,0.6304347826086957,3.484472049689441,0.19609999999999997
687,289,400,144,480,4.765169612995701,0.6304347826086957,5.395604395604396,0.19609999999999997
688,287,399,142,480,5.1314699792960665,0.6304347826086957,5.761904761904762,0.1975666666666667
689,286,399,141,479,5.1314699792960665,0.6304347826086957,5.761904761904762,0.1975666666666667
690,285,398,139,478,5.1314699792960665,0.6304347826086957,5.761904761904762,0.1998666666666667
691,284,397,138,477,5.1314699792960665,0.6304347826086957,5.761904761904762,0.1998666666666667
692,283,396,136,476,5.1314699792960665,0.6304347826086957,5.761904761904762,0.20133333333333334
693,282,396,135,475,2.5494505494505493,1.3076923076923077,3.857142857142857,0.19866666666666666
694,281,395,133,474,2.5494505494505493,1.3076923076923077,3.857142857142857,0.19866666666666666
695,280,394,132,472,2.5494505494505493,1.3076923076923077,3.857142857142857,0.20023333333333335
696,279,393,131,471,2.570005534034311,1.3076923076923077,3.8776978417266186,0.20023333333333335
697,279,392,130,470,2.587621505848756,1.2900763358778626,3.8776978417266186,0.20359999999999998
698,278,391,130,468,2.570005534034311,1.3076923076923077,3.8776978417266186,0.20400000000000001
699,278,389,129,466,2.570005534034311,1.3076923076923077,3.8776978417266186,0.20400000000000001
700,277,388,128,465,2.587621505848756,1.2900763358778626,3.8776978417266186,0.2038
701,276,387,127,463,2.587621505848756,1.2900763358778626,3.8776978417266186,0.2038
702,276,386,126,462,2.604970568999346,1.2727272727272727,3.8776978417266186,0.2078
703,275,385,126,460,2.604970568999346,1.2727272727272727,3.8776978417266186,0.20686666666666667
704,275,384,125,458,2.604970568999346,1.2727272727272727,3.8776978417266186,0.20686666666666667
705,274,383,124,457,2.604970568999346,1.2727272727272727,3.8776978417266186,0.20679999999999998
706,274,381,124,455,2.6220587439822576,1.255639097744361,3.8776978417266186,0.20679999999999998
707,274,380,123,453,2.6220587439822576,1.255639097744361,3.8776978417266186,0.20733333333333331
708,273,379,123,452,2.604970568999346,1.2727272727272727,3.8776978417266186,0.20733333333333331
709,273,378,123,450,2.638891871577365,1.2388059701492538,3.8776978417266186,0.20929999999999999
710,273,376,122,448,2.6220587439822576,1.255639097744361,3.8776978417266186,0.20946666666666666
711,273,375,122,447,2.6220587439822576,1.255639097744361,3.8776978417266186,0.20946666666666666
712,273,374,122,445,2.6220587439822576,1.255639097744361,3.8776978417266186,0.21226666666666666
713,273,373,122,443,2.6220587439822576,1.255639097744361,3.8776978417266186,0.21226666666666666
714,273,371,122,441,2.6220587439822576,1.255639097744361,3.8776978417266186,0.21426666666666666
715,273,370,122,440,2.6220587439822576,1.255639097744361,3.8776978417266186,0.2147
716,273,370,122,440,2.6220587439822576,1.255639097744361,3.8776978417266186,0.2147
717,273,369,122,438,2.601503759398496,1.255639097744361,3.857142857142857,0.21733333333333332
718,273,368,122,436,2.601503759398496,1.255639097744361,3.857142857142857,0.21733333333333332
719,273,366,122,434,2.601503759398496,1.255639097744361,3.857142857142857,0.2154
720,273,365,122,433,2.601503759398496,1.255639097744361,3.857142857142857,0.2169333333333333
721,273,364,122,431,2.601503759398496,1.255639097744361,3.857142857142857,0.2169333333333333
722,273,363,122,429,2.601503759398496,1.255639097744361,3.857142857142857,0.22146666666666667
723,273,361,122,428,2.601503759398496,1.255639097744361,3.857142857142857,0.22146666666666667
724,273,360,122,426,2.638891871577365,1.2388059701492538,3.8776978417266186,0.2194333333333333
725,273,359,122,424,2.638891871577365,1.2388059701492538,3.8776978417266186,0.2194333333333333
726,273,358,123,422,2.6554756195043963,1.2222222222222223,3.8776978417266186,0.21936666666666668
727,273,356,123,421,2.6554756195043963,1.2222222222222223,3.8776978417266186,0.2183
728,274,355,123,419,2.6554756195043963,1.2222222222222223,3.8776978417266186,0.2183
729,274,354,124,417,2.6554756195043963,1.2222222222222223,3.8776978417266186,0.22113333333333332
730,274,353,124,416,2.6554756195043963,1.2222222222222223,3.8776978417266186,0.22113333333333332
731,274,351,124,414,2.6554756195043963,1.2222222222222223,3.8776978417266186,0.22036666666666668
732,274,350,124,412,2.6554756195043963,1.2222222222222223,3.8776978417266186,0.22186666666666668
733,274,349,124,411,2.6554756195043963,1.2222222222222223,3.8776978417266186,0.22186666666666668
734,274,348,124,409,2.671815488785442,1.2058823529411764,3.8776978417266186,0.2214
735,274,346,124,407,2.671815488785442,1.2058823529411764,3.8776978417266186,0.2214
736,275,345,124,405,2.671815488785442,1.2058823529411764,3.8776978417266186,0.2227
737,275,344,125,404,2.708769702739871,1.1897810218978102,3.898550724637681,0.22359999999999997
738,275,342,124,402,2.6554756195043963,1.2222222222222223,3.8776978417266186,0.22359999999999997
739,275,341,124,400,2.708769702739871,1.1897810218978102,3.898550724637681,0.22303333333333333
740,275,340,125,399,2.8006486267355832,1.097902097902098,3.898550724637681,0.22303333333333333
741,275,339,125,398,2.6879168198288084,1.1897810218978102,3.8776978417266186,0.22236666666666668
742,275,337,125,396,2.740277343342717,1.158273381294964,3.898550724637681,0.22236666666666668
743,275,336,125,394,2.7556935817805384,1.1428571428571428,3.898550724637681,0.22423333333333334
744,275,335,125,393,2.740277343342717,1.158273381294964,3.898550724637681,0.22753333333333334
745,275,334,126,391,2.740277343342717,1.158273381294964,3.898550724637681,0.22753333333333334
746,276,332,126,389,2.816326530612245,1.0408163265306123,3.857142857142857,0.22856666666666667
747,276,331,126,387,2.8477926641774656,0.910828025477707,3.7586206896551726,0.22856666666666667
748,276,330,126,386,2.8881565727605194,0.7964071856287425,3.684563758389262,0.22926666666666665
749,276,328,126,384,2.9046675076590374,0.6759776536312849,3.5806451612903225,0.2296
750,276,327,126,382,2.921972049689441,0.5625,3.484472049689441,0.2296
751,276,326,126,381,2.938898901226673,0.4563106796116505,3.395209580838323,0.22903333333333334
752,276,325,126,379,2.941384511364227,0.3574660633484163,3.2988505747126435,0.22903333333333334
753,276,323,127,377,2.9425720722791855,0.25523012552301255,3.197802197802198,0.23176666666666665
754,276,322,126,375,2.935939679395177,0.1583011583011583,3.094240837696335,0.23176666666666665
755,276,321,126,374,3.3538941667814033,0.11524163568773234,3.4691358024691357,0.23023333333333335
756,276,319,126,372,3.636784850926672,0.10294117647058823,3.73972602739726,0.23016666666666669
757,276,318,127,370,3.636784850926672,0.10294117647058823,3.73972602739726,0.23016666666666669
758,276,317,127,369,3.632714957286559,0.1070110701107011,3.73972602739726,0.23346666666666666
759,276,316,127,367,3.628614916286149,0.1111111111111111,3.73972602739726,0.23346666666666666
760,276,314,127,365,3.632714957286559,0.1070110701107011,3.73972602739726,0.23326666666666665
761,277,313,127,364,3.63887291546866,0.06382978723404255,3.7027027027027026,0.2342
762,277,312,127,362,3.3551749813849594,0.17647058823529413,3.5316455696202533,0.2342
763,277,311,128,360,3.2547864506627393,0.030927835051546393,3.2857142857142856,0.2343
764,277,309,128,359,2.9379968203497615,0.7647058823529411,3.7027027027027026,0.2343
765,278,308,129,357,2.9379968203497615,0.7647058823529411,3.7027027027027026,0.23566666666666666
766,278,307,129,355,2.9275547737086196,0.7751479289940828,3.7027027027027026,0.235
767,278,306,129,353,2.9275547737086196,0.7751479289940828,3.7027027027027026,0.235
768,278,304,129,352,2.9275547737086196,0.7751479289940828,3.7027027027027026,0.2336333333333333
769,278,303,130,350,2.9275547737086196,0.7751479289940828,3.7027027027027026,0.2336333333333333
770,278,302,130,348,2.9275547737086196,0.7751479289940828,3.7027027027027026,0.23003333333333334
771,279,301,130,347,2.9275547737086196,0.7751479289940828,3.7027027027027026,0.23003333333333334
772,279,299,131,345,2.9275547737086196,0.7751479289940828,3.7027027027027026,0.23013333333333333
773,280,298,131,344,2.9275547737086196,0.7751479289940828,3.7027027027027026,0.23106666666666667
774,280,297,132,342,2.9275547737086196,0.7751479289940828,3.7027027027027026,0.23106666666666667
775,280,297,132,342,3.052130696838321,0.02040816326530612,3.0725388601036268,0.23079999999999998
776,280,296,132,340,3.052130696838321,0.2345679012345679,6.970149253731344,0.23079999999999998
777,281,294,133,339,3.052130696838321,0.16731517509727625,6.714285714285714,0.22936666666666666
778,281,293,133,337,3.052130696838321,0.1320754716981132,6.633802816901408,0.23093333333333332
779,281,292,133,335,3.052130696838321,0.0989010989010989,6.47945205479452,0.23093333333333332
780,281,291,133,334,3.052130696838321,0.06382978723404255,6.333333333333333,0.2263666666666667
781,281,289,133,332,3.052130696838321,0.030927835051546393,6.2631578947368425,0.2263666666666667
782,282,288,134,330,3.052130696838321,0.8633540372670807,7.25,0.22966666666666666
783,282,287,134,329,3.052130696838321,0.7751479289940828,7.0606060606060606,0.22966666666666666
784,282,286,135,327,3.052130696838321,0.7241379310344828,6.970149253731344,0.22966666666666666
785,282,284,135,325,3.052130696838321,0.6759776536312849,6.797101449275362,0.22976666666666665
786,283,283,136,324,3.052130696838321,0.6304347826086957,6.797101449275362,0.22976666666666665
787,283,283,136,324,3.052130696838321,0.5789473684210527,6.714285714285714,0.23113333333333333
788,284,282,137,322,3.052130696838321,0.5306122448979592,6.633802816901408,0.23113333333333333
789,283,281,136,321,3.052130696838321,0.48514851485148514,6.47945205479452,0.22993333333333332
790,283,281,136,321,3.052130696838321,0.4354066985645933,6.405405405405405,0.22623333333333337
791,284,280,137,319,3.052130696838321,0.3888888888888889,6.2631578947368425,0.22623333333333337
792,284,279,137,318,3.052130696838321,0.3452914798206278,6.128205128205129,0.22853333333333334
793,284,279,137,318,3.052130696838321,0.2987012987012987,6.0,0.22853333333333334
794,284,279,137,318,3.052130696838321,0.25523012552301255,5.878048780487805,0.2303666666666667
795,284,279,137,318,5.491307454155751,0.2145748987854251,5.705882352941177,0.2296
796,284,279,137,318,5.373579545454546,0.171875,5.545454545454546,0.2296
797,284,279,137,318,5.263528923906283,0.1320754716981132,5.395604395604396,0.22973333333333334
798,284,279,137,318,5.164410058027079,0.09090909090909091,5.25531914893617,0.22973333333333334
799,284,279,137,318,5.114035087719299,0.05263157894736842,5.166666666666667,0.22659999999999997
800,284,279,137,318,5.1317236433181925,0.12359550561797752,5.25531914893617,0.22773333333333337
801,284,279,137,318,5.032681604110175,0.04895104895104895,5.081632653061225,0.22773333333333337
802,284,279,137,318,4.5219701614551395,0.2875536480686695,4.809523809523809,0.222
803,284,279,137,318,4.363352420614263,0.17647058823529413,4.539823008849558,0.222
804,284,279,137,318,4.303561783115687,0.11524163568773234,4.418803418803419,0.22646666666666665
805,284,279,137,318,4.241955336732899,0.06382978723404255,4.305785123966942,0.22646666666666665
806,284,279,137,318,4.157142009376298,0.0948905109489051,4.252032520325203,0.2250666666666667
807,284,279,137,318,3.8769645262685226,0.17647058823529413,4.0534351145038165,0.22190000000000001
808,284,279,137,318,3.7679503594996553,0.04895104895104895,3.816901408450704,0.22190000000000001
809,284,279,137,318,3.781874039938556,0.07526881720430108,3.857142857142857,0.2194333333333333
810,284,279,137,318,3.781874039938556,0.07526881720430108,3.857142857142857,0.2194333333333333
811,284,279,137,318,3.781874039938556,0.07526881720430108,3.857142857142857,0.22236666666666668
812,284,278,138,316,3.781874039938556,0.07526881720430108,3.857142857142857,0.22003333333333333
813,284,278,138,316,3.781874039938556,0.07526881720430108,3.857142857142857,0.22003333333333333
814,285,276,138,315,1.0200708382526562,3.2857142857142856,4.305785123966942,0.2154333333333333
815,285,275,138,313,1.5293466223698782,2.5714285714285716,4.10077519379845,0.2154333333333333
816,285,274,138,311,1.6883713301623753,2.2967032967032965,3.985074626865672,0.21463333333333334
817,285,273,138,310,1.837326234841763,2.061224489795918,3.898550724637681,0.21463333333333334
818,285,273,138,310,1.967014117957514,1.830188679245283,3.797202797202797,0.21446666666666667
819,285,271,138,308,2.0711237553342814,1.631578947368421,3.7027027027027026,0.21363333333333331
820,285,270,138,306,2.1383862039599744,1.459016393442623,3.5974025974025974,0.21363333333333331
821,284,269,138,305,2.2272727272727275,1.2727272727272727,3.5,0.21096666666666666
822,284,268,137,303,2.267550006370238,1.127659574468085,3.395209580838323,0.21096666666666666
823,284,267,136,302,2.3384545177973837,0.9736842105263158,3.3121387283236996,0.20650000000000002
824,283,265,136,300,2.38173142467621,0.8404907975460123,3.2222222222222223,0.21090000000000003
825,283,264,136,298,2.482485128883014,0.7647058823529411,3.247191011235955,0.21090000000000003
826,282,263,135,297,2.5030049647243273,0.7441860465116279,3.247191011235955,0.2098
827,282,262,134,296,2.552275756998667,0.6949152542372882,3.247191011235955,0.2098
828,281,261,133,294,2.561797752808989,0.6853932584269663,3.247191011235955,0.20533333333333334
829,280,260,132,293,2.561797752808989,0.6853932584269663,3.247191011235955,0.20383333333333334
830,279,259,131,292,2.561797752808989,0.6853932584269663,3.247191011235955,0.20383333333333334
831,279,258,130,290,2.561797752808989,0.6853932584269663,3.247191011235955,0.20173333333333335
832,278,257,129,289,2.561797752808989,0.6853932584269663,3.247191011235955,0.20173333333333335
833,277,256,127,288,2.561797752808989,0.6853932584269663,3.247191011235955,0.2033
834,276,256,126,287,2.561797752808989,0.6853932584269663,3.247191011235955,0.2033
835,275,255,125,286,2.561797752808989,0.6853932584269663,3.247191011235955,0.19709999999999997
836,274,254,124,285,2.561797752808989,0.6853932584269663,3.247191011235955,0.19813333333333333
837,273,253,122,284,2.745614035087719,0.7543859649122807,3.5,0.19813333333333333
838,272,252,121,283,2.745614035087719,0.7543859649122807,3.5,0.1966
839,271,252,119,282,2.745614035087719,0.7543859649122807,3.5,0.1966
840,270,251,118,281,2.745614035087719,0.7543859649122807,3.5,0.19513333333333333
841,270,251,118,281,2.5935241229358876,0.6042780748663101,3.197802197802198,0.19503333333333334
842,269,251,116,280,3.48655953609514,0.12781954887218044,3.6143790849673203,0.19503333333333334
843,267,250,115,280,3.48655953609514,0.12781954887218044,3.6143790849673203,0.1945666666666667
844,266,250,113,279,3.4907835793493427,0.12359550561797752,3.6143790849673203,0.1945666666666667
845,265,249,112,278,3.5079834417504436,0.12359550561797752,3.6315789473684212,0.19086666666666666
846,264,249,110,278,3.5079834417504436,0.12359550561797752,3.6315789473684212,0.18633333333333332
847,263,248,109,277,3.5079834417504436,0.12359550561797752,3.6315789473684212,0.18633333333333332
848,262,248,107,276,3.503759398496241,0.12781954887218044,3.6315789473684212,0.18483333333333332
849,260,247,106,276,3.503759398496241,0.12781954887218044,3.6315789473684212,0.18483333333333332
850,259,247,104,275,3.5079834417504436,0.12359550561797752,3.6315789473684212,0.1866
851,258,247,102,275,3.503759398496241,0.12781954887218044,3.6315789473684212,0.1866
852,257,246,101,274,3.503759398496241,0.12781954887218044,3.6315789473684212,0.18233333333333332
853,256,246,99,274,3.5079834417504436,0.12359550561797752,3.6315789473684212,0.17750000000000002
854,255,245,98,273,3.5079834417504436,0.12359550561797752,3.6315789473684212,0.17750000000000002
855,253,245,96,273,3.5079834417504436,0.12359550561797752,3.6315789473684212,0.17706666666666668
856,252,245,94,272,3.5079834417504436,0.12359550561797752,3.6315789473684212,0.17706666666666668
857,251,244,93,272,3.5121759622937945,0.11940298507462686,3.6315789473684212,0.17553333333333335
